Feature,Importance,Rank
gla_diff,0.22592509957079454,1
gla,0.20667034459667408,2
property_type,0.10564747561617709,3
age_diff,0.10231987174138009,4
stories,0.10080119523543225,5
room_count,0.09558000557527457,6
full_baths,0.08006826860312881,7
bedrooms,0.049052666267025515,8
bed_diff,0.03393507279411296,9
location_similarity,0.0,10
age,0.0,11
distance_km,0.0,12
condition,0.0,13
bed_count,0.0,14
